, ,max,min,avg
0,like,70,0,0.5387409200968523
1,จำนวนการตอบกลับ,1600,0,6.799031476997579
2,ความยาว,1677,1,99.71125907990314
