, ,max,min,avg
0,like,22,0,0.545774647887324
1,จำนวนการตอบกลับ,233,0,4.866197183098592
2,ความยาว,710,1,63.70422535211268
