, ,max,min,avg
0,ยอดไลค์,1600,0,6.959627329192546
1,จำนวนการตอบกลับ,70,0,0.6018633540372671
2,จำนวนคำ,495,2,29.301863354037266
