, ,max,min,avg
0,like,233,0,4.866197183098592
1,จำนวนการตอบกลับ,94,0,2.1443661971830985
2,ความยาว,710,1,63.70422535211268
