, ,max,min,avg
0,ยอดไลค์,60,0,2.948717948717949
1,จำนวนการตอบกลับ,25,0,0.37606837606837606
2,จำนวนคำ,87,1,18.572649572649574
