, ,max,min,avg
0,ยอดไลค์,1602,0,8.076741996233523
1,จำนวนการตอบกลับ,233,0,1.3041431261770244
2,จำนวนคำ,988,1,39.29425612052731
