, ,max,min,avg
0,จำนวนคนตอบกลับ,151,0,10.842105263157896
1,จำนวนคนกด like,11,0,0.5789473684210527
2,จำนวนความยาวตัวอักษร,441,17,132.52631578947367
